{"metadata":{"asset_id":"776115c5-a164-4e92-9650-d4b837b2b6d5","asset_attributes":["notebook"],"name":"Coursera Capstone Segmenting and Clustering Neighb","asset_type":"notebook","created_at":"2020-09-05T12:04:17Z","description":"","origin_country":"us","owner_id":"IBMid-550007KBXA","project_id":"de2166c5-03b1-49ad-8ff6-680f59dc5a0d","size":181814,"tags":["notebook"],"usage":{"last_update_time":1599307599468,"last_updated_at":"2020-09-05T12:06:39Z"}},"entity":{"notebook":{"kernel":{"name":"python3","display_name":"Python 3.6","language":"python"},"originates_from":{"type":"file"},"runtime":{"environment":"conda2py36-de2166c5-03b1-49ad-8ff6-680f59dc5a0d"}}},"attachments":[{"id":"7e0f4979-7d44-489f-a3fb-32e624b4aea2","version":2,"asset_type":"notebook","name":"attachment for notebook 776115c5-a164-4e92-9650-d4b837b2b6d5","description":"attachment for notebook 776115c5-a164-4e92-9650-d4b837b2b6d5","mime":"application/json","datasource_type":"193a97c1-4475-4a19-b90c-295c4fdc6517","object_key":"notebook/Coursera_Capstone_Segmenting_and_Clustering_Neighb_pPayGa9Bz.ipynb","creator_id":"IBMid-550007KBXA","create_time":1599307459121,"size":181814,"is_remote":false,"is_managed":false,"is_referenced":true,"is_object_key_read_only":false,"is_user_provided_path_key":true,"transfer_complete":true,"is_partitioned":false,"complete_time_ticks":1599307459121,"user_data":{},"test_doc":0,"handle":{"bucket":"bestclassifierusingpython-donotdelete-pr-rbcqpxseexenuf","location":"us-geo","key":"notebook/Coursera_Capstone_Segmenting_and_Clustering_Neighb_pPayGa9Bz.ipynb","upload_id":"done","max_part_num":1},"usage":{"access_count":0,"last_accessor_id":"IBMid-550007KBXA","last_access_time":1599307459121}}]}
